Workbook

Sheet Karur Sub Division
A1: S.No | B1: Type | C1: Addressed to | D1: Office Name | E1: Office ID
A2: 1 | B2: HO | C2: The Postmaster | D2: Karur H.O | E2: 639001
A3: 1 | B3: HO | C3: The Postmaster | D3: Karur H.O | E3: 639104
A4: 2 | B4: SO | C4: The Sub Postmaster, | D4: Andankoil S.O | E4: 639008
A5: 3 | B5: SO | C5: The Sub Postmaster, | D5: Gandhigramam S.O | E5: 639004
A6: 4 | B6: SO | C6: The Sub Postmaster, | D6: Kagtithapuram S.O | E6: 639136
A7: 5 | B7: SO | C7: The Sub Postmaster, | D7: Karur Collectorate S.O | E7: 639007
A8: 6 | B8: SO | C8: The Sub Postmaster, | D8: Karur West S.O | E8: 639001
A9: 7 | B9: SO | C9: The Sub Postmaster, | D9: Mayanur S.O | E9: 639108
A10: 8 | B10: SO | C10: The Sub Postmaster, | D10: Pasupathipalayam S.O | E10: 639004
A11: 9 | B11: SO | C11: The Sub Postmaster, | D11: Pugalur Sugar Factory S.O | E11: 639113
A12: 10 | B12: SO | C12: The Sub Postmaster, | D12: Puliyur Cement Factory S.O | E12: 639114
A13: 11 | B13: SO | C13: The Sub Postmaster, | D13: Sengunthapuram S.O | E13: 639002
... A18: 16 | B18: SO | C18: The Sub Postmaster, | D18: Vengamedu S.O | E18: 639007

Sheet Sheet1
A1: Circle | B1: Region | C1: Division | D1: Office ID | E1: Office Name | F1: Type | G1: Pincode | H1: Latitude | I1: Longitude | J1: Geo Validation Status | K1: Latitude | L1: Longitude | M1: Karur Sub Division
A2: Tamilnadu Circle | B2: Central Region Trichirapalli | C2: Karur Division | D2: 29661915 | E2: Andankoil S.O | F2: SPO | G2: 639008 | H2: 10.945039 | I2: 78.01632 | J2: OUTSIDE_PINCODE_BOUNDARY | K2: 10.964226 | L2: 78.048607 | M2: =VLOOKUP(D2,'Karur Sub Division'!$E$2:$E$18,5,FALSE) -> #N/A
A3: Tamilnadu Circle | B3: Central Region Trichirapalli | C3: Karur Division | D3: 29106753 | E3: Avarampatti B.O | F3: BPO | G3: 621307 | H3: 10.512567 | I3: 78.44397 | J3: OUTSIDE_PINCODE_BOUNDARY | M3: =VLOOKUP(D3,'Karur Sub Division'!$E$2:$E$18,5,FALSE) -> #N/A
A4: Tamilnadu Circle | B4: Central Region Trichirapalli | C4: Karur Division | D4: 29106774 | E4: Ganesapuram B.O | F4: BPO | G4: 639107 | H4: 10.953137 | I4: 78.38411 | J4: OUTSIDE_PINCODE_BOUNDARY | M4: =VLOOKUP(D4,'Karur Sub Division'!$E$2:$E$18,5,FALSE) -> #N/A
A5: Tamilnadu Circle | B5: Central Region Trichirapalli | C5: Karur Division | D5: 29106790 | E5: Kalingapatti B.O | F5: BPO | G5: 621308 | H5: 10.651399 | I5: 78.45103 | J5: OUTSIDE_PINCODE_BOUNDARY | M5: =VLOOKUP(D5,'Karur Sub Division'!$E$2:$E$18,5,FALSE) -> #N/A
A6: Tamilnadu Circle | B6: Central Region Trichirapalli | C6: Karur Division | D6: 29106791 | E6: Kalladai B.O | F6: BPO | G6: 621313 | H6: 10.726671 | I6: 78.46426 | J6: OUTSIDE_PINCODE_BOUNDARY | M6: =VLOOKUP(D6,'Karur Sub Division'!$E$2:$E$18,5,FALSE) -> #N/A
A7: Tamilnadu Circle | B7: Central Region Trichirapalli | C7: Karur Division | D7: 29106797 | E7: Kanjanaickenpatti B.O | F7: BPO | G7: 621314 | H7: 10.421047 | I7: 78.33367 | J7: OUTSIDE_PINCODE_BOUNDARY | M7: =VLOOKUP(D7,'Karur Sub Division'!$E$2:$E$18,5,FALSE) -> #N/A
A8: Tamilnadu Circle | B8: Central Region Trichirapalli | C8: Karur Division | D8: 29106799 | E8: Kannivadugapatti B.O | F8: BPO | G8: 621310 | H8: 10.51108 | I8: 78.42331 | J8: OUTSIDE_PINCODE_BOUNDARY | M8: =VLOOKUP(D8,'Karur Sub Division'!$E$2:$E$18,5,FALSE) -> #N/A
A9: Tamilnadu Circle | B9: Central Region Trichirapalli | C9: Karur Division | D9: 29106801 | E9: Kannuthu B.O | F9: BPO | G9: 621315 | H9: 10.473394 | I9: 78.27799 | J9: OUTSIDE_PINCODE_BOUNDARY | M9: =VLOOKUP(D9,'Karur Sub Division'!$E$2:$E$18,5,FALSE) -> #N/A
A10: Tamilnadu Circle | B10: Central Region Trichirapalli | C10: Karur Division | D10: 29106805 | E10: Karumalai B.O | F10: BPO | G10: 621310 | H10: 10.622321 | I10: 78.25252 | J10: OUTSIDE_PINCODE_BOUNDARY | M10: =VLOOKUP(D10,'Karur Sub Division'!$E$2:$E$18,5,FALSE) -> #N/A
A11: Tamilnadu Circle | B11: Central Region Trichirapalli | C11: Karur Division | D11: 29106810 | E11: Karuppur MNR B.O | F11: BPO | G11: 621310 | H11: 10.622863 | I11: 78.25255 | J11: OUTSIDE_PINCODE_BOUNDARY | M11: =VLOOKUP(D11,'Karur Sub Division'!$E$2:$E$18,5,FALSE) -> #N/A
A12: Tamilnadu Circle | B12: Central Region Trichirapalli | C12: Karur Division | D12: 29106823 | E12: Kodumbapatti B.O | F12: BPO | G12: 621308 | H12: 10.983223 | I12: 78.14324 | J12: OUTSIDE_PINCODE_BOUNDARY | M12: =VLOOKUP(D12,'Karur Sub Division'!$E$2:$E$18,5,FALSE) -> #N/A
A13: Tamilnadu Circle | B13: Central Region Trichirapalli | C13: Karur Division | D13: 29106830 | E13: Kulathupatti B.O | F13: BPO | G13: 621308 | H13: 10.369157 | I13: 78.48371 | J13: OUTSIDE_PINCODE_BOUNDARY | M13: =VLOOKUP(D13,'Karur Sub Division'!$E$2:$E$18,5,FALSE) -> #N/A
A14: Tamilnadu Circle | B14: Central Region Trichirapalli | C14: Karur Division | D14: 29106839 | E14: Kurikkaranvalasu B.O | F14: BPO | G14: 639205 | H14: 10.729429 | I14: 77.87306 | J14: OUTSIDE_PINCODE_BOUNDARY | M14: =VLOOKUP(D14,'Karur Sub Division'!$E$2:$E$18,5,FALSE) -> #N/A
... A16: Tamilnadu Circle | B16: Central Region Trichirapalli | C16: Karur Division | D16: 29106860 | E16: Minaveli B.O | F16: BPO | G16: 621305 | H16: 10.409554 | I16: 78.48738 | J16: OUTSIDE_PINCODE_BOUNDARY | M16: =VLOOKUP(D16,'Karur Sub Division'!$E$2:$E$18,5,FALSE) -> #N/A
A17: Tamilnadu Circle | B17: Central Region Trichirapalli | C17: Karur Division | D17: 29106861 | E17: Minnampalli B.O | F17: BPO | G17: 639116 | H17: 10.98 | I17: 78.1 | J17: OUTSIDE_PINCODE_BOUNDARY | K17: 11.675234 | L17: 78.268141 | M17: =VLOOKUP(D17,'Karur Sub Division'!$E$2:$E$18,5,FALSE) -> #N/A
A18: Tamilnadu Circle | B18: Central Region Trichirapalli | C18: Karur Division | D18: 29106883 | E18: Nallampillai B.O | F18: BPO | G18: 621307 | H18: 10.513432 | I18: 78.21941 | J18: OUTSIDE_PINCODE_BOUNDARY | M18: =VLOOKUP(D18,'Karur Sub Division'!$E$2:$E$18,5,FALSE) -> #N/A
A19: Tamilnadu Circle | B19: Central Region Trichirapalli | C19: Karur Division | D19: 29106899 | E19: Palaiyur B.O | F19: BPO | G19: 639004 | H19: 11.04 | I19: 78.12 | J19: OUTSIDE_PINCODE_BOUNDARY | K19: 11.013881 | L19: 78.14038 | M19: =VLOOKUP(D19,'Karur Sub Division'!$E$2:$E$18,5,FALSE) -> #N/A
A20: Tamilnadu Circle | B20: Central Region Trichirapalli | C20: Karur Division | D20: 29106902 | E20: Palayakottai B.O | F20: BPO | G20: 621302 | H20: 10.46585 | I20: 78.33301 | J20: OUTSIDE_PINCODE_BOUNDARY | M20: =VLOOKUP(D20,'Karur Sub Division'!$E$2:$E$18,5,FALSE) -> #N/A
A21: Tamilnadu Circle | B21: Central Region Trichirapalli | C21: Karur Division | D21: 29106905 | E21: Pallapalayam B.O | F21: BPO | G21: 639002 | H21: 10.922317 | I21: 78.0338 | J21: OUTSIDE_PINCODE_BOUNDARY | M21: =VLOOKUP(D21,'Karur Sub Division'!$E$2:$E$18,5,FALSE) -> #N/A
A22: Tamilnadu Circle | B22: Central Region Trichirapalli | C22: Karur Division | D22: 29661936 | E22: Pallapatti Bazaar S.O | F22: SPO | G22: 639207 | H22: 10.725438 | I22: 77.89066 | J22: OUTSIDE_PINCODE_BOUNDARY | M22: =VLOOKUP(D22,'Karur Sub Division'!$E$2:$E$18,5,FALSE) -> #N/A
A23: Tamilnadu Circle | B23: Central Region Trichirapalli | C23: Karur Division | D23: 29106910 | E23: Pannipatti B.O | F23: BPO | G23: 621302 | H23: 10.543171 | I23: 78.39526 | J23: OUTSIDE_PINCODE_BOUNDARY | M23: =VLOOKUP(D23,'Karur Sub Division'!$E$2:$E$18,5,FALSE) -> #N/A
A24: Tamilnadu Circle | B24: Central Region Trichirapalli | C24: Karur Division | D24: 29106920 | E24: Pillupatti B.O | F24: BPO | G24: 621314 | H24: 10.368381 | I24: 78.42885 | J24: OUTSIDE_PINCODE_BOUNDARY | M24: =VLOOKUP(D24,'Karur Sub Division'!$E$2:$E$18,5,FALSE) -> #N/A
A25: Tamilnadu Circle | B25: Central Region Trichirapalli | C25: Karur Division | D25: 29106924 | E25: Ponnaiar Dam B.O | F25: BPO | G25: 621315 | H25: 10.594661 | I25: 78.29672 | J25: OUTSIDE_PINCODE_BOUNDARY | M25: =VLOOKUP(D25,'Karur Sub Division'!$E$2:$E$18,5,FALSE) -> #N/A
A26: Tamilnadu Circle | B26: Central Region Trichirapalli | C26: Karur Division | D26: 29106945 | E26: Rakkampatti B.O | F26: BPO | G26: 639120 | H26: 10.693924 | I26: 78.30211 | J26: OUTSIDE_PINCODE_BOUNDARY | M26: =VLOOKUP(D26,'Karur Sub Division'!$E$2:$E$18,5,FALSE) -> #N/A
A27: Tamilnadu Circle | B27: Central Region Trichirapalli | C27: Karur Division | D27: 29106953 | E27: Samudram B.O | F27: BPO | G27: 621312 | H27: 10.624323 | I27: 78.43534 | J27: OUTSIDE_PINCODE_BOUNDARY | M27: =VLOOKUP(D27,'Karur Sub Division'!$E$2:$E$18,5,FALSE) -> #N/A
A28: Tamilnadu Circle | B28: Central Region Trichirapalli | C28: Karur Division | D28: 29106964 | E28: Servaikaranpatti B.O | F28: BPO | G28: 621315 | H28: 10.622877 | I28: 78.25259 | J28: OUTSIDE_PINCODE_BOUNDARY | M28: =VLOOKUP(D28,'Karur Sub Division'!$E$2:$E$18,5,FALSE) -> #N/A
A29: Tamilnadu Circle | B29: Central Region Trichirapalli | C29: Karur Division | D29: 29106967 | E29: Sevapur B.O | F29: BPO | G29: 621311 | H29: 10.642219 | I29: 78.27582 | J29: OUTSIDE_PINCODE_BOUNDARY | M29: =VLOOKUP(D29,'Karur Sub Division'!$E$2:$E$18,5,FALSE) -> #N/A
A30: Tamilnadu Circle | B30: Central Region Trichirapalli | C30: Karur Division | D30: 29106971 | E30: Soolapuram B.O | F30: BPO | G30: 639203 | H30: 10.67 | I30: 78.01 | J30: OUTSIDE_PINCODE_BOUNDARY | M30: =VLOOKUP(D30,'Karur Sub Division'!$E$2:$E$18,5,FALSE) -> #N/A
A31: Tamilnadu Circle | B31: Central Region Trichirapalli | C31: Karur Division | D31: 29106980 | E31: Thethur B.O | F31: BPO | G31: 621314 | H31: 10.469631 | I31: 78.45726 | J31: OUTSIDE_PINCODE_BOUNDARY | M31: =VLOOKUP(D31,'Karur Sub Division'!$E$2:$E$18,5,FALSE) -> #N/A
... A38: Tamilnadu Circle | B38: Central Region Trichirapalli | C38: Karur Division | D38: 29107010 | E38: Vellapatti Zamin B.O | F38: BPO | G38: 639119 | H38: 10.672842 | I38: 78.31827 | J38: OUTSIDE_PINCODE_BOUNDARY | M38: =VLOOKUP(D38,'Karur Sub Division'!$E$2:$E$18,5,FALSE) -> #N/A
